TheftTimestamp	TheftDate	TheftYear	TheftMonth	TheftLatitude	TheftLongitude	BikeName	BikeStatus	TheftLocation	BikeYear	BikeanMufacturer BikeModel	 BikeColors	 BikeSerialNumber	 BikeFrameSize	 BikeLockingDescription	 TheftPoliceDepartmentCity	TheftPoliceReportNumber
2021-06-27T190000-0500	2021-06-27	2021	06	43.08	-89.37	2021 Felt	stolen	Madison, WI 53703	
2021		Vera Speed 50	Blue	AJO1213964		Cable lock	
Dane County, Madison WI	2021902702
2019-08-07T090000-0500	2019-08-07	2019	08	43.12	-89.53	2019 Trek	stolen	Middleton, WI 53562	
2019		Dual Sport 2	Red	WTU013C1859P	L		
Madison Police Department, Madison, WI	2019903768
2010-09-03T010000-0500	2010-09-03	2010	09	43.08	-89.37	7 Milwaukee Bicycle Co.	stolen	Madison, WI 53703	
7		road bike	Orange	unknown	54CM		
Madison	10-253142
2023-03-13T150000-0500	2023-03-13	2023	03	43.14	-89.35	2020 Trek	stolen	Madison, WI 53704	
2020		520	Red	WTU095LK0200R	L	Cable lock	
Madison	2023901128
2018-07-09T010000-0500	2018-07-09	2018	07	43.08	-89.37	2000 GT Bicycles	stolen	Madison, WI 53703	
2000		Backwoods	Red and White	R21900144		Not locked	
Madison Police Department	2018902724
2008-05-03T010000-0500	2008-05-03	2008	05	43.07	-89.52	2004 Cannondale	stolen	Madison, WI 53717	
2004		Bad Boy Rigid	Black	n170273	L		
	
2018-08-10T120000-0500	2018-08-10	2018	08	43.02	-89.43	Gravity	stolen	Madison, WI 53711	
		Avenue A 53.5cm	Black	unknown	53CM	Cable lock	
Madison WI	2018903309
2021-10-19T160000-0500	2021-10-19	2021	10	43.06	-89.4	1953 Schwinn	stolen	Madison, WI 53715	
1953		Spitfire	Brown	unknown	S		
City of Madison Police Department	2021904983
2019-02-17T120000-0600	2019-02-17	2019	02	43.08	-89.37	Trek	stolen	Madison, WI 53703	
		7200	Silver, gray or bare metal	WTU165CO419A		U-lock	
Madison Police Department, Madison	2019900646
2021-10-03T160000-0500	2021-10-03	2021	10	43.1	-89.31	2021 Surly	stolen	Madison, WI 53714	
2021		Ogre Medium	Blue	M20111390		Heavy duty bicycle security chain	
City of Madison Police Department	2021904641
2020-09-04T170000-0500	2020-09-04	2020	09	43.07	-89.39	2016 Specialized	stolen	Madison, WI 53715	
2016		Roll Elite	Green and Yellow or Gold	WSBC602258088L	S	Heavy duty bicycle security chain	
City of Madison Police Department	2020904611
2021-08-27T100000-0500	2021-08-27	2021	08	43.07	-89.46	2021 Cannondale	stolen	Madison, WI 53705	
2021		Adventure 2	Teal	Ys16352	S	U-lock and cable	
	
2013-06-05T010000-0500	2013-06-05	2013	06	43.08	-89.37	2011 Felt	stolen	Madison, WI 53703	
2011		Carbon, Women\\'s Specific	Black	unknown	46CM		
Madison	
2016-06-02T010000-0500	2016-06-02	2016	06	43.06	-89.4	2015 Trek	stolen	Madison, WI 53715	
2015		7.4fx 20" mens	Orange	WTU099C6403K	20IN	Cable lock	
Madison Police Department Madison, WI	2016901858
2022-04-29T170500-0500	2022-04-29	2022	04	43.07	-89.46	2020 Kona	stolen	Madison, WI 53705	
2020		Blast	Blue	FO9DK0161		Not locked	
Madison Police Department	2022901747
2023-05-31T090000-0500	2023-05-31	2023	05	43.07	-89.4	2019 Trek	stolen	Madison, WI 53706-1613	
2019		Checkpoint ALR 4	Orange	WTU003G0172N	56CM	Cable lock	
UW PD, Madison, WI	UWPD #23-0800
2009-05-20T010000-0500	2009-05-20	2009	05	43.11	-89.43	2008 Gary Fisher	stolen	Madison, WI 53706	
2008		Tassajara	Black and Yellow or Gold	C36A3556	17.5IN		
Madison Police Department	09-145383
2022-08-31T130000-0500	2022-08-31	2022	08	43.07	-89.4	2022 Felt	stolen	Madison, WI WI	
2022		Broam	Green	F10KS1426	L	U-lock	
Madison	2022904142
2013-05-12T010000-0500	2013-05-12	2013	05	43.08	-89.37	2006 Trek	stolen	Madison, WI 53703	
2006		Portland	Orange	wl3372040			
Police University	201320181
2022-11-21T120000-0600	2022-11-21	2022	11	43.08	-89.37	2021 Trek	stolen	Madison, WI 53703	
2021		Domane	Blue	SWTU200C9117S	58CM		
City of Madison Police Department	2022905524
2021-08-13T170000-0500	2021-08-13	2021	08	43.0	-89.42	Cannondale	stolen	Fitchburg, WI 53711-6476	
		Quick Cx 2	Black	MB34733	XL	Not locked	
Fitchburg, WI	FP21-14615
2008-11-25T000000-0600	2008-11-25	2008	11	43.11	-89.43	2006 Raleigh	stolen	Madison, WI 53706	
2006		Passage 3.5	Blue	065K26522	17IN		
	
2021-11-21T130000-0600	2021-11-21	2021	11	43.08	-89.37	2018 Specialized	stolen	Madison, WI 53703	
2018		So xtrail hydro disc	Black	Wspc920063602n		U-lock and cable	
Madison Police Deoartment, Madison, WI	2021905559
2018-06-13T122649-0500	2018-06-13	2018	06	43.11	-89.43	Trek	stolen	Madison, WI 53706	
			Silver, gray or bare metal	unknown			
	
2021-09-26T200000-0500	2021-09-26	2021	09	43.11	-89.43	2022 Trek	stolen	Madison, WI 53706	
2022		Marlin	Red	WTU072JV4027S		Chain with padlock	
	
2020-08-20T190000-0500	2020-08-20	2020	08	43.03	-89.52	2019 Fuji	stolen	Fitchburg, WI 53719	
2019		Absolute 2.1	Silver, gray or bare metal	WBD31320407P			
Fitchburg	FP20-00-13758
2015-04-12T010000-0500	2015-04-12	2015	04	43.07	-89.46	2014 Specialized	stolen	Madison, WI 53705	
2014		Sirrus	Red	WSBC6023566891	M	U-lock	
Madison	2015901112
2022-11-06T080000-0600	2022-11-06	2022	11	43.03	-89.52	2022 Trek	stolen	Madison, WI 53719	
2022		P1 Domane SLR 9	Black	WTU312T0013S		Other	
	
2016-11-02T010000-0500	2016-11-02	2016	11	43.03	-89.38	2016 Unbranded, rigid steel mountain bike, unlugged.	stolen	Madison, WI 53713	
2016			Black	unknown		Cable lock	
Madison, WI	16-904598
2014-08-19T010000-0500	2014-08-19	2014	08	43.14	-89.35	2010 Specialized	stolen	Madison, WI 53704	
2010		Sirrus Elite	Black	WUD092005295E	XL	Cable lock	
Madison Wisc. North District	14-271617
2022-06-08T220000-0500	2022-06-08	2022	06	43.08	-89.37	REI	stolen	Madison, WI 53703	
		CTY 1.1	Teal	J21018714	M		
Madison Police Department	2022902365
2022-08-25T080000-0500	2022-08-25	2022	08	43.08	-89.37	Peugeot	stolen	Madison, WI 53703	
		Woman’s	Red	unknown	M	Cable lock	
MPD Madison	2022903389
2021-05-19T110000-0500	2021-05-19	2021	05	43.02	-89.43	2018 Trek	stolen	Madison, WI 53711	
2018		Marlin 7	Black	unknown	M	Not locked	
Madison, Madison, WI	2021902085
2017-09-25T010000-0500	2017-09-25	2017	09	43.07	-89.52	2017 Specialized	stolen	Madison, WI 53717	
2017		Riprock	Teal	WSBC711188231K	XS		
Madison, WI	2017903620
2019-04-01T070000-0500	2019-04-01	2019	04	43.07	-89.46	2016 Specialized	stolen	Madison, WI 53705	
2016		52" aluminum	Orange	WSBC601089931L			
Madison WI	2019901257
2022-11-06T084925-0600	2022-11-06	2022	11	43.03	-89.52	2022 Trek	stolen	Madison, WI 53719	
2022		Checkpoint SLR 7	Black	WTU140T0003T			
	
2013-10-23T010000-0500	2013-10-23	2013	10	43.06	-89.4	2008 Gary Fisher	stolen	Madison, WI 53715	
2008		Wingra	Black	WTu200C1141C	17.5IN		
MPD Madison	2013903105
2022-12-14T200000-0600	2022-12-14	2022	12	43.08	-89.37	2011 Specialized	stolen	Madison, WI 53703	
2011		Roubaix Elite SL2 Apex Compact	Black	unknown		Not locked	
Madison police dept	
2016-08-06T010000-0500	2016-08-06	2016	08	43.11	-89.43	2016 Fuji	stolen	Madison, WI 53706	
2016		Silhouette 1.6	Silver, gray or bare metal and Blue	WBD206L0686k	S	Cable lock	
UWPD (UW Police Department) , Madison	16-01191
2017-07-21T010000-0500	2017-07-21	2017	07	43.07	-89.4	1998 Schwinn	stolen	Madison, WI	
1998		mesa 65x size 21	Yellow or Gold	M7JT40697		Other	
	
2005-09-02T010000-0500	2005-09-02	2005	09	43.14	-89.35	2001 Trek	stolen	Madison, WI 53704	
2001		1200	Red	SWTUA047690S	56CM		
	
2021-05-25T153716-0500	2021-05-25	2021	05	43.03	-89.52	2021 Giant	stolen	Fitchburg, WI 53719	
2021		Talon 29 2	Red	G8FH00816			
	
2021-06-28T122438-0500	2021-06-28	2021	06	43.11	-89.43	2016 Fuji	stolen	Madison, WI 53706	
2016		SPORTIF 1.1	Red	WBD216L0244K			
	
2017-04-17T010000-0500	2017-04-17	2017	04	43.06	-89.4	2016 Shifty Cycles (Kickstarter)	stolen	Madison, WI 53715	
2016			Silver, gray or bare metal	unknown		Not locked	
	2017901294
2022-06-16T085700-0500	2022-06-16	2022	06	43.08	-89.37	2021 Trek	stolen	Madison, WI 53703	
2021		Trek 820 Women's Step-Thru	Blue	WTU055LK0231S	S	Cable lock	
City of Madison Police Department	2022902555
2008-01-01T000000-0600	2008-01-01	2008	01	42.99	-89.53	2007 Mongoose	stolen	Verona, WI 53593	
2007		detour	Black	5NFSDO7M23895	26IN		
	
2022-08-18T040000-0500	2022-08-18	2022	08	43.14	-89.35	2022 Fyxation	stolen	Madison, WI 53704	
2022		Urbex	Black	FXNU21112	S	Cable lock	
City of Madison, Wisconsin	2022903751
2023-04-18T130000-0500	2023-04-18	2023	04	43.08	-89.37	Trek	stolen	Madison, WI 53703	
		7.5 FX WSD	Teal	WTU026C5180H		Cable lock	
City of Madison Police Department	2023901704
2022-07-07T190000-0500	2022-07-07	2022	07	42.99	-89.53	2019 Trek	stolen	Verona, WI 53593	
2019		Domane	Black	unknown	54IN	Not locked	
Madison	
2021-12-15T170000-0600	2021-12-15	2021	12	43.11	-89.43	2015 Specialized	stolen	Madison, WI 53706	
2015		Rockhopper Competition XL	Silver, gray or bare metal and Blue	WSBC602148192i			
Madison, WI Police Dept	2021-00905983
2010-06-28T010000-0500	2010-06-28	2010	06	43.08	-89.37	Specialized	stolen	Madison, WI 53703	
			Blue	unknown			
Madison	2010900770
2010-11-12T000000-0600	2010-11-12	2010	11	43.08	-89.37	2008 Fuji	stolen	Madison, WI 53703	
2008		Roubaix	Red and White	IF81206255	49CM		
City of Madison	2010901790
2022-08-14T150000-0500	2022-08-14	2022	08	43.14	-89.35	2022 Trek	stolen	Madison, WI 53704	
2022		FX2	Black	WTU270XC3751S		Cable lock	
Madison	2022903943
2021-08-16T010000-0500	2021-08-16	2021	08	43.07	-89.46	2011 Giant	stolen	Madison, WI 53705	
2011		Escape 2 W	Silver, gray or bare metal	c61g5478	16IN	Not locked	
Madison Police Department, Madison, WI	21-322587
2022-02-09T080000-0600	2022-02-09	2022	02	43.06	-89.4	Fuji	stolen	Madison, WI 53715	
		Sportif 2.3 C	Green	unknown	49CM	Cable lock	
Madison	
2018-06-14T005326-0500	2018-06-14	2018	06	43.07	-89.42	Fuji	stolen	Madison, WI 53726	
		Absolute 2.1	Black and Red	WBD099L0710L			
	
2013-10-19T010000-0500	2013-10-19	2013	10	43.11	-89.43	Giant	stolen	Madison, WI 53706	
			Silver, gray or bare metal and Blue	unknown		U-lock	
Madison Police Department	2014902915
2009-04-01T010000-0500	2009-04-01	2009	04	43.07	-89.38	Schwinn	stolen	Madison, WI 53701	
			Red	unknown			
	
2011-06-12T010000-0500	2011-06-12	2011	06	43.06	-89.4	Trek	stolen	Madison, WI 53715	
		1100	Blue	unknown	54CM		
Madison	11-159616
2021-10-29T220000-0500	2021-10-29	2021	10	43.14	-89.35	2020 Salsa	stolen	Madison, WI 53704	
2020		Journeyman 650	Blue	H18400753		Cable lock	
Madison Police Department	2021905164
2008-01-01T000000-0600	2008-01-01	2008	01	43.07	-89.46	Trek	stolen	Madison, WI 53705	
		1000	Black	GV213098	63CM		
	
2023-04-27T020000-0500	2023-04-27	2023	04	43.03	-89.52	2015 Felt	stolen	Madison, WI 53719	
2015		Nine 80, "15 (24 inch)	Black	AJ40060506	M	Cable lock	
	
2021-08-28T200922-0500	2021-08-28	2021	08	43.06	-89.4	2017 Trek	stolen	Madison, WI 53715	
2017		FX 2	Black	WTU109C3403L			
	
2008-05-31T010000-0500	2008-05-31	2008	05	43.07	-89.42	Schwinn	stolen	Madison, WI 53726	
		GSX	Silver, gray or bare metal	83190001	M		
	
2018-07-27T000000-0500	2018-07-27	2018	07	43.03	-89.52	2015 Trek	stolen	Madison, WI 53719	
2015		15.5	Blue	WTU009C0552K			
Dane County Madison	2018903167
2020-09-01T110000-0500	2020-09-01	2020	09	43.06	-89.4	2020 Specialized	stolen	Madison, WI 53715	
2020		Sirrus X 3.0	Black	WSBC011122655R	M	U-lock and cable	
Madison Police Department, Madison, WI	2020904543
2016-11-22T000000-0600	2016-11-22	2016	11	43.18	-89.21	2013 Genesis	stolen	Sun Prairie, WI 53590	
2013		RoadTech	Red and Black	unknown	26IN	Not locked	
	
2007-03-22T010000-0500	2007-03-22	2007	03	43.06	-89.4	2006 Vilano	stolen	Madison, WI 53715	
2006		Shadow	Black	SJ06100152	M		
	
2015-06-06T010000-0500	2015-06-06	2015	06	43.07	-89.46	1993 Giant	stolen	Madison, WI 53705	
1993		Yukon	Black	GZ2L9781	22IN	Not locked	
Police Madison, WI	2015901928
2008-08-01T010000-0500	2008-08-01	2008	08	43.08	-89.37	2005 Kona	stolen	Madison, WI 53703	
2005		jake the snake	Blue	unknown	58CM		
	
2020-04-11T020000-0500	2020-04-11	2020	04	45.55	-122.51	Santa Cruz	stolen	Gresham, OR 97230	
		Chameleon	Yellow or Gold	S03042060			
	
2020-10-15T120000-0500	2020-10-15	2020	10	43.11	-89.43	Felt	stolen	Madison, WI 53706	
		Diamond	Blue	AJ20108290			
Madison WI	2020905527
2022-05-20T070000-0500	2022-05-20	2022	05	43.14	-89.35	2018 Trek	stolen	Madison, WI 53704	
2018		Women's Mt Roscoe 7	Silver, gray or bare metal	unknown	M	Cable lock	
Madison Police Department	2022902068
2012-04-25T010000-0500	2012-04-25	2012	04	43.08	-89.37	2007 Bianchi	stolen	Madison, WI 53703	
2007		Milano	Black	H6MB01223	18.5IN		
Madison PD	2012-109550
2020-09-21T110000-0500	2020-09-21	2020	09	43.02	-89.43	2012 Trek	stolen	Madison, WI 53711	
2012		7.1 FX	Black	wtu209c0768h			
	
2022-07-25T140000-0500	2022-07-25	2022	07	43.08	-89.37	2017 Trek	stolen	Madison, WI 53703	
2017		FX 2	Green	WTU085C4795L			
Madison	2022903253
2022-08-16T120000-0500	2022-08-16	2022	08	43.08	-89.37	2020 Other	stolen	Madison, WI 53703	
2020		Super 73 Rx	Silver, gray or bare metal and Yellow or Gold	cc85be27dcad4ce8			
Madison	
2022-09-25T030000-0500	2022-09-25	2022	09	43.08	-89.37	2022 Felt	stolen	Madison, WI 53703	
2022		Verza Speed 20	Black	AJ10705572	M	Not locked	
Madison Police Dept	2022904495
2021-12-23T160000-0600	2021-12-23	2021	12	43.09	-89.26	2020 Kona	stolen	Madison, WI 53718	
2020		Sutra	Teal	F09GL-7381			
Madison	2021906169
2013-08-30T010000-0500	2013-08-30	2013	08	43.07	-89.46	2004 Gary Fisher	stolen	Madison, WI 53705	
2004		Big Sur	Red and Black	WW1774935SRU303	19.5IN		
Madison	13-01421
2022-05-12T190000-0500	2022-05-12	2022	05	43.08	-89.37	2014 Trek	stolen	Madison, WI 53703	
2014		820 WSD	Blue, White, and Teal	unknown			
City of Madison Police Department. Madison, WI	2022902107
2021-10-26T030000-0500	2021-10-26	2021	10	43.08	-89.37	2018 Giant	stolen	Madison, WI 53703	
2018		Revel 2	Black, Yellow or Gold, and Blue	C3CL0908		U-lock and cable	
Madison, WI	2021095074
2020-11-24T070000-0600	2020-11-24	2020	11	43.08	-89.37	Fuji	stolen	Madison, WI 53703	
		Absolute 1.9	Silver, gray or bare metal	wBD065L1491K		Cable lock	
Madison Police Department, Madison Wisconsin	2020906248
2022-11-06T084744-0600	2022-11-06	2022	11	43.03	-89.52	2022 Trek	stolen	Madison, WI 53719	
2022		P1 Checkpoint SLR 9	Black	WTU271QU0282S			
	
2008-06-08T100000-0500	2008-06-08	2008	06	43.08	-89.37	Performance	stolen	Madison, WI 53703	
		year ~1981	Red	N5L0856	49CM		
Univ of Wisconsin-Madison Police Dept	08-8272
2006-07-12T010000-0500	2006-07-12	2006	07	43.08	-89.37	Trek	stolen	Madison, WI 53703	
		Single Track 930	Blue	1636677	18IN		
	
2013-05-13T010000-0500	2013-05-13	2013	05	43.02	-89.43	1990 Schwinn	stolen	Madison, WI 53711	
1990		High Plains woman\\'s mountain bike	Blue	unknown			
City of Madison Police Department	2013901002
2023-05-11T010000-0500	2023-05-11	2023	05	43.08	-89.37	2017 Trek	stolen	Madison, WI 53703	
2017		Trek Top Fuel 9.8 SL	Blue and Orange	Wtu146ct0078l		Other	
Madison Police Department	2023902104
2020-06-15T033319-0500	2020-06-15	2020	06	43.08	-89.38	2020 Fyxation	stolen	Madison, WI 53703	
2020		Pixel	Blue	unknown			
	
2011-08-02T010000-0500	2011-08-02	2011	08	43.08	-89.37	2008 GT Bicycles	stolen	Madison, WI 53703	
2008		GTR Type CX	White and Yellow or Gold	F070916179	L		
South Branch Madison, WI	2011-215747
2013-10-17T010000-0500	2013-10-17	2013	10	43.08	-89.37	2009 Raleigh	stolen	Madison, WI 53703	
2009		Detour 6.5	Silver, gray or bare metal	unknown			
Madison	2013902946
2023-01-18T150448-0600	2023-01-18	2023	01	43.08	-89.37	2021 Trek	stolen	Madison, WI 53703	
2021		Roscoe 7	Orange	WTU218JV3021R			
	
2006-05-27T010000-0500	2006-05-27	2006	05	43.02	-89.43	2006 Felt	stolen	Madison, WI 53711	
2006		F4C	Red	A-12K-54AK050373	56CM		
	
2016-08-16T010000-0500	2016-08-16	2016	08	43.06	-89.4	Trek	stolen	Madison, WI 53715	
		700	Green	GQ4R828B10407		Cable lock	
Madison Police Department, Madison, Wsconsin	2016902917
2017-08-08T111810-0500	2017-08-08	2017	08	42.92	-89.22	2017 Cervélo	stolen	Stoughton, WI 53589	
2017		p2	Black and Red	SNP2C12A50034			
	
2020-10-27T180000-0500	2020-10-27	2020	10	43.08	-89.37	Schwinn	stolen	Madison, WI 53703	
		Mesa	Purple	unknown	M		
	2020905723
2021-06-14T140000-0500	2021-06-14	2021	06	43.08	-89.37	Trek	stolen	Madison, WI 53703	
		Trek	Black	WTU033C1425N	S	Cable lock	
Madison PD, Madison	2021902488
2007-07-12T010000-0500	2007-07-12	2007	07	43.02	-89.43	2005 Giant	stolen	Madison, WI 53711	
2005		revive	Black	gc4d4208			
	
2008-10-17T010000-0500	2008-10-17	2008	10	43.06	-89.4	2007 Marin Bikes	stolen	Madison, WI 53715	
2007		Novato	Silver, gray or bare metal	unknown	15IN		
Madison Police Department	2009901196
2019-04-25T180000-0500	2019-04-25	2019	04	43.06	-89.4	2018 Trek	stolen	Madison, WI 53715	
2018		Marlin 5	Red	WTU360C1133M		Cable lock	
	2018904286
2021-04-10T130000-0500	2021-04-10	2021	04	43.14	-89.35	2020 Trek	stolen	Madison, WI 53704	
2020		Domane Checkpoint AL3	Black and Red	WTU182C5131P		Cable lock	
Madison	
2021-09-16T190000-0500	2021-09-16	2021	09	43.08	-89.37	Fuji	stolen	Madison, WI 53703	
		Absolute	Red	FY18HY2999	17IN		
Madison Police Department	2021904324
2012-09-12T010000-0500	2012-09-12	2012	09	43.08	-89.37	1995 Specialized	stolen	Madison, WI 53703	
1995		HY950802+0206	Purple	PQ5L2715	S		
Madison Police Department	2012902548
2021-09-22T120000-0500	2021-09-22	2021	09	43.08	-89.37	2011 Raleigh	stolen	Madison, WI 53703	
2011		Alysa	Blue	unknown			
Madison, WI	2021904460
2013-07-14T010000-0500	2013-07-14	2013	07	43.14	-89.35	2009 Trek	stolen	Madison, WI 53704	
2009		7.3	Black	WTU282C3161D	17.5IN		
PD/Madison	2013-215527
2021-01-31T140000-0600	2021-01-31	2021	01	43.14	-89.35	2013 Nishiki	stolen	Madison, WI 53704	
2013		Alamosa	Black	unknown	XL	Cable lock	
Madison Police Department	2021900458
2022-08-16T060000-0500	2022-08-16	2022	08	43.08	-89.37	2019 Other	stolen	Madison, WI 53703	
2019		Rx	Silver, gray or bare metal	599Ly1355		Cable lock	
Madison	
2022-07-12T050000-0500	2022-07-12	2022	07	43.08	-89.37	Bianchi	stolen	Madison, WI 53703	
		Ocelot	Teal	unknown	M	U-lock	
Madison	2022902958
2017-09-11T010000-0500	2017-09-11	2017	09	43.14	-89.35	2017 Jamis	stolen	Madison, WI 53704	
2017		Satellite	Purple and White	U12XU51215		Cable lock	
City of Madison Police Department	2017903274
2020-09-12T040000-0500	2020-09-12	2020	09	43.08	-89.41	2020 Giant	stolen	Madison, WI 53706	
2020		large	Black	kcek56637	L	Cable lock	
university of wisonsin police dept - madison wisconsin	2001033
2020-10-27T120000-0500	2020-10-27	2020	10	43.08	-89.37	2019 Trek	stolen	Madison, WI 53703	
2019		FX 2 WSD DISC	Teal	WTU346C346C3796N	S		
	20905723
2010-07-11T010000-0500	2010-07-11	2010	07	43.02	-89.43	2005 Jamis	stolen	Madison, WI 53711	
2005		Satellite	Black	MT40910485	55CM		
Madison	10-195283
2022-10-26T190000-0500	2022-10-26	2022	10	43.14	-89.35	2020 Guardian	stolen	Madison, WI 53704	
2020		Airos	Blue, Black, and Green	unknown			
	
2010-09-29T010000-0500	2010-09-29	2010	09	43.14	-89.35	Schwinn	stolen	Madison, WI 53704	
		Mirada	Blue	unknown	21IN		
Madison	A04427
2022-07-08T200000-0500	2022-07-08	2022	07	43.08	-89.37	2019 Specialized	stolen	Madison, WI 53703	
2019		Diverge	Black	WSBC602038359N		U-lock	
	
2009-07-06T010000-0500	2009-07-06	2009	07	43.06	-89.4	2008 Gary Fisher	stolen	Madison, WI 53715	
2008		Tiburon	Black	WTU624C0676C	17.5IN		
Madison	2009-198698
2021-09-23T110000-0500	2021-09-23	2021	09	43.14	-89.35	2015 Trek	stolen	Madison, WI 53704	
2015		Marlin 5	Yellow or Gold	WTU311C1247J		Cable lock	
	2021904568
2011-07-15T010000-0500	2011-07-15	2011	07	43.08	-89.37	1989 Trek	stolen	Madison, WI 53703	
1989		660	Silver, gray or bare metal	unknown	22.5IN		
Madison	
2020-05-28T020000-0500	2020-05-28	2020	05	43.08	-89.37	2015 Norco Bikes	stolen	Madison, WI 53703	
2015		Charger	Red	unknown	S	Not locked	
Madison Police Department	2020902246
2022-07-06T140000-0500	2022-07-06	2022	07	43.08	-89.37	Specialized	stolen	Madison, WI 53703	
		Sirrus	Blue	WSBC920369259P		Cable lock	
Madison	2022902822
2017-01-21T000000-0600	2017-01-21	2017	01	43.1	-89.31	Bianchi	stolen	Madison, WI 53714	
		Main Street	Purple	unknown		Not locked	
Madison police department, Madison	2017900244
2017-08-01T010000-0500	2017-08-01	2017	08	43.03	-89.52	2015 Specialized	stolen	Fitchburg, WI 53719	
2015		Full suspension	Black	wsbc604036139j			
Fitchburg police	17-11063
2020-05-15T180220-0500	2020-05-15	2020	05	43.07	-89.42	2012 Specialized	stolen	Madison, WI 53726	
2012		Vita	Black	WSBC602018923H			
	
2023-06-09T102521-0500	2023-06-09	2023	06	43.08	-89.37	2021 Trek	stolen	Madison, WI 53703	
2021		low step	Silver, gray or bare metal	WTU072C5477R			
	
2013-03-22T010000-0500	2013-03-22	2013	03	43.14	-89.35	2008 Specialized	stolen	Madison, WI 53704	
2008		Langster	Green	70709349	54CM		
UW Police	14-00517
2010-07-20T010000-0500	2010-07-20	2010	07	43.08	-89.37	2009 Fuji	stolen	Madison, WI 53703	
2009		newest 4.0	Red and White	ICFJ9B09069	42CM		
MADISON	
2013-03-20T010000-0500	2013-03-20	2013	03	43.08	-89.37	2007 Trek	stolen	Madison, WI 53703	
2007		7100	Black	WTY211C0227B	17.5IN		
Madison	2013-69313
2016-10-31T010000-0500	2016-10-31	2016	10	43.08	-89.37	2000 Schwinn	stolen	Madison, WI 53703	
2000		Peloton Pro	Red and White	unknown		Not locked	
Madison	2016904154
2021-10-26T110000-0500	2021-10-26	2021	10	43.11	-89.43	Trek	stolen	Madison, WI 53706	
		Verve 1	Black	unknown		U-lock	
	
2020-08-20T190000-0500	2020-08-20	2020	08	43.08	-89.37	Trek	stolen	Madison, WI 53703	
		FX 1	Black	unknown		Cable lock	
	
2015-07-06T010000-0500	2015-07-06	2015	07	43.03	-89.52	2014 Worksman Cycles	stolen	Fitchburg, WI 53719	
2014		MG-R	Silver, gray or bare metal	unknown		Other	
Fitchburg Police	2015902358
2019-05-26T194813-0500	2019-05-26	2019	05	43.06	-89.4	2019 Unknown	stolen	Madison, WI 53715	
2019		Singularity	Black	unknown			
	
2020-09-18T180000-0500	2020-09-18	2020	09	43.03	-89.52	2019 Trek	stolen	Madison, WI 53719	
2019		FX 3 DISC	Black	WTU167JC0918P	L		
	
2020-07-06T090000-0500	2020-07-06	2020	07	43.08	-89.37	2018 Trek	stolen	Madison, WI 53703	
2018		Domane AL 2	Black and Silver, gray or bare metal	WTU086C1170N		Cable lock	
Madison Police Department - Madison, WI	20-243896
2022-08-14T040000-0500	2022-08-14	2022	08	43.08	-89.37	2021 Kona	stolen	Madison, WI 53703	
2021		ROVE	Silver, gray or bare metal	F10BL5153	56CM	Cable lock	
City of Madison Police Department, Madison, WI	2022-00903747
2022-03-05T140000-0600	2022-03-05	2022	03	43.07	-89.4	2013 Surly	stolen	Madison, WI	
2013		Pugsley	Black	m13071851	L	Cable lock	
City of Madison police department	2022-00900783
2019-07-30T090000-0500	2019-07-30	2019	07	43.08	-89.37	2015 Bullitt	stolen	Madison, WI 53703	
2015		Classic	Black	unknown		Other	
Police, City of Madison.	19-304546
2021-04-14T150000-0500	2021-04-14	2021	04	43.08	-89.37	2018 Trek	stolen	Madison, WI 53703	
2018		Emonda SLR 5	Red	WTU062G0185M		Cable lock	
Madison PD	2021901582
2020-05-01T120000-0500	2020-05-01	2020	05	43.07	-89.42	Trek	stolen	Madison, WI 53726	
		620	Silver, gray or bare metal	138280	XS	Not locked	
	
2020-09-10T140000-0500	2020-09-10	2020	09	43.07	-89.41	2019 Trek	stolen	Madison, WI 53706	
2019		FX 2. Frame Upright / Alpha Gold Aluminum	Teal	WTU196C1929N	M	Cable lock	
Madison Police Deparment, Madison	2020905240
2023-07-12T103622-0500	2023-07-12	2023	07	43.07	-89.46	2018 Specialized	stolen	Madison, WI 53705	
2018		Dulce	Silver, gray or bare metal and Pink	WSBC602054686N			
	
2010-07-24T010000-0500	2010-07-24	2010	07	43.08	-89.37	2009 SCOTT	stolen	Madison, WI 53703	
2009		Speedster S60	Silver, gray or bare metal	H9JZ49063	54CM		
	
2022-07-19T030000-0500	2022-07-19	2022	07	43.07	-89.4	Specialized	stolen	Madison, WI	
		Fuse II	Red	unknown			
	
2015-08-24T232550-0500	2015-08-24	2015	08	43.08	-89.37	1980 Sanwa	stolen	Madison, WI 53703	
1980		215	Blue	unknown			
Madison PD, Madison WI	
2017-05-23T010000-0500	2017-05-23	2017	05	43.06	-89.4	Giant	stolen	Madison, WI 53715	
		MTX 125 Girls 20"	White	A0203234		Not locked	
Madison Police Department	2017901782
2020-10-07T220000-0500	2020-10-07	2020	10	43.14	-89.35	2019 Trek	stolen	Madison, WI 53704	
2019		Verve 2	Silver, gray or bare metal	VER27954646L			
	
2023-04-10T165425-0500	2023-04-10	2023	04	43.08	-89.37	2022 Specialized	stolen	Madison, WI 53703	
2022		2022	Blue	WSBC026062305T	L		
	
2010-07-02T010000-0500	2010-07-02	2010	07	43.06	-89.4	2006 Orbea	stolen	Madison, WI 53715	
2006		Opal	Black and Blue	unknown	52CM		
Madison	10184536
2021-08-17T175039-0500	2021-08-17	2021	08	43.14	-89.35	2008 Raleigh	stolen	Madison, WI 53704	
2008		Detour 3.0	Teal	unknown			
	
2020-10-27T220000-0500	2020-10-27	2020	10	43.06	-89.4	2015 Breezer	stolen	Madison, WI 53715	
2015		Uptown EX WMNS MD	Silver, gray or bare metal	wbd025I0482L		U-lock and cable	
Madison Police Department	2020905768
2018-07-25T210000-0500	2018-07-25	2018	07	43.06	-89.4	2006 Gary Fisher	stolen	Madison, WI 53715	
2006		Wahoo	Red and Black	C46D5968		Not locked	
Madison Police Department, Madison, WI	2018903051
2020-10-07T150000-0500	2020-10-07	2020	10	43.08	-89.37	2019 Trek	stolen	Madison, WI 53703	
2019		Checkpoint ALR 3	Black and Red	WTU264C5721N		Cable lock	
Madison Police Department	2020905307
2022-08-11T190000-0500	2022-08-11	2022	08	43.07	-89.46	2020 Haibike	stolen	Madison, WI 53705	
2020		Sduro trekking step through	Black	unknown			
Madison WI police	2022903629
2008-04-17T010000-0500	2008-04-17	2008	04	43.08	-89.37	2006 LeMond Racing Cycles	stolen	Madison, WI 53703	
2006		Poprad Disc	Orange and White	WL3409502	57CM		
	
2018-06-29T010000-0500	2018-06-29	2018	06	43.08	-89.37	2016 Novara	stolen	Madison, WI 53703	
2016		Holly	Blue and White	U151K15694		Cable lock	
Madison	2018902549
2021-09-01T121907-0500	2021-09-01	2021	09	43.06	-89.4	2020 Salsa	stolen	Madison, WI 53715	
2020		Journeyman Claris 700	Red	H1940728			
	
2014-06-04T010000-0500	2014-06-04	2014	06	43.1	-89.31	2009 Raleigh	stolen	Madison, WI 53714	
2009		Rush Hour	Black	unknown	55CM		
	
2023-06-21T160000-0500	2023-06-21	2023	06	43.11	-89.43	2021 Trek	stolen	Madison, WI 53706	
2021		Verve 2	Red	WTU037XC3779S			
	23-00902
2023-02-28T160000-0600	2023-02-28	2023	02	43.08	-89.37	Schwinn	stolen	Madison, WI 53703	
			Silver, gray or bare metal	DC14A01358			
	
2023-04-19T181931-0500	2023-04-19	2023	04	43.02	-89.43	2018 Fuji	stolen	Fitchburg, WI 53711	
2018		Absolute 1.9 ST	Purple	WBD269L05020			
	
2020-05-31T000000-0500	2020-05-31	2020	05	43.14	-89.35	2004 Novara	stolen	Madison, WI 53704	
2004		Corsa	Green	U7XY09364	17IN	Other	
Madison, WI	202090233
2009-06-20T010000-0500	2009-06-20	2009	06	43.02	-89.43	Giant	stolen	Madison, WI 53711	
		OCR 2	Yellow or Gold and Black	unknown	54CM		
Madison	
2023-03-26T070000-0500	2023-03-26	2023	03	43.08	-89.37	2022 Cannondale	stolen	Madison, WI 53703	
2022		Quick Disc 3	Red	SB24097	L	U-lock and cable	
	
2018-10-04T180000-0500	2018-10-04	2018	10	43.08	-89.37	Trek	stolen	Madison, WI 53703	
		MultiTrak 720	Black	unknown		Cable lock	
Madison Police Department	2018904455
2021-06-03T120000-0500	2021-06-03	2021	06	42.99	-89.53	2020 Specialized	stolen	Verona, WI 53593	
2020		Creo Carbon SL Expert	Black	WSBC004330783R		Not locked	
City of Verona PD, Wisconsin	VE21-05249
2022-10-15T170000-0500	2022-10-15	2022	10	43.11	-89.43	Trek	stolen	Madison, WI 53706	
		8.3 DS	Black	079C0460J	M	Cable lock	
UW Police Madison	220-1650
2018-07-20T010000-0500	2018-07-20	2018	07	43.08	-89.37	Fuji	stolen	Madison, WI 53703	
		Silhouette	Black	WBD012L1175K		U-lock and cable	
Madison Police Department - Madison, WI	2018-902844
2022-08-17T130000-0500	2022-08-17	2022	08	43.07	-89.46	2020 Rad Power Bikes	stolen	Madison, WI 53705	
2020		RadCity 4	Black	8CD19F1000173			
UW-Madison Police Department, Madison, WI	22-01138
2017-02-11T094033-0600	2017-02-11	2017	02	43.08	-89.37	2017 Trek	stolen	Madison, WI 53703	
2017		Fx 7.2	Green	WTUO91C5341L			
	
2020-11-24T110946-0600	2020-11-24	2020	11	43.1	-89.36	2010 Felt	stolen	Madison, WI 53703	
2010		Z6	Black	F005D0240			
	
2018-05-06T010000-0500	2018-05-06	2018	05	43.14	-89.35	2016 Raleigh	stolen	Madison, WI 53704	
2016			Red	u158k00787			
	
2017-08-26T010000-0500	2017-08-26	2017	08	43.02	-89.43	2016 FRAMED	stolen	Fitchburg, WI 53711	
2016			White	35070			
	
2022-05-01T220000-0500	2022-05-01	2022	05	43.07	-89.46	2021 Trek	stolen	Madison, WI 53705	
2021		Marlin 5	Red	WTU071JV3331S	M		
	2022901865
2022-06-16T170000-0500	2022-06-16	2022	06	43.08	-89.37	2018 Cannondale	stolen	Madison, WI 53703	
2018		Quick Disc 5	Black	YA92253		Other	
Madison Police Department, Wisconsin	2022902492
2020-05-21T110000-0500	2020-05-21	2020	05	43.08	-89.37	2016 Trek	stolen	Madison, WI 53703	
2016		Allant	Blue	wtu188c1040k			
	2020902228
2018-08-17T180000-0500	2018-08-17	2018	08	43.03	-89.52	2015 Trek	stolen	Madison, WI 53719	
2015		Skye S	Blue	WTU009C0552K		Other	
Dane County Madison	2018903167
2022-04-16T140000-0500	2022-04-16	2022	04	43.1	-89.31	1993 Specialized	stolen	Madison, WI 53714	
1993		Rockhopper	Blue and Purple	unknown		Not locked	
Dane County Sheriff	
2020-07-17T060000-0500	2020-07-17	2020	07	43.08	-89.37	Fuji	stolen	Madison, WI 53703	
		Absolute 2.1	Black and Red	WBD154L0461L	19IN	Cable lock	
	2020903419
2021-03-08T153242-0600	2021-03-08	2021	03	43.03	-89.52	Diamondback	stolen	Madison, WI 53719	
		Wildwood	Silver, gray or bare metal and Blue	06L0080843			
	
2020-05-09T030000-0500	2020-05-09	2020	05	43.02	-89.5	2020 Kona	stolen	Madison, WI 53711	
2020		Sutra	Teal	F09GL7329			
Madison, WI	2020-166085
2018-10-31T120000-0500	2018-10-31	2018	10	43.07	-89.4	2019 Orbea	stolen	Madison, WI	
2019		Alma	Orange	SNARAIF004155	XL	Cable lock	
Madison Police	2018904755
2016-10-17T010000-0500	2016-10-17	2016	10	43.07	-89.46	2006 Bianchi	stolen	Madison, WI 53705	
2006		Volpe	Green	H6N11190			
Madison Police Dept, Madison, WI	2016903938
2014-08-03T010000-0500	2014-08-03	2014	08	43.14	-89.35	2007 Trek	stolen	Madison, WI 53704	
2007		1500 Discovery Chanel	Blue and Silver, gray or bare metal	unknown	56CM	Cable lock	
Madison Wi	14-
2017-06-25T010000-0500	2017-06-25	2017	06	43.08	-89.37	2016 Cannondale	stolen	Madison, WI 53703	
2016		Foray4	Green	MA50482		Cable lock	
Madison Police Department	2017902290
2017-10-04T010000-0500	2017-10-04	2017	10	43.06	-89.4	GMC	stolen	Madison, WI 53715	
		Denali 700c	Black and Green	unknown		Cable lock	
Madison, Wisconsin	2017903739
2019-09-15T090000-0500	2019-09-15	2019	09	43.08	-89.37	2019 Felt	stolen	Madison, WI 53703	
2019		Broam	Teal	F98FS0624	51CM	Cable lock	
Madison, WI	2019903849
2021-04-07T170000-0500	2021-04-07	2021	04	43.08	-89.41	2018 Trek	stolen	Madison, WI 53703	
2018		Domane AL 3	Black and Red	WTU080C1735M	M	U-lock	
UW-Madison Police Department	21-00399
2022-06-10T020000-0500	2022-06-10	2022	06	43.14	-89.35	2006 Trek	stolen	Madison, WI 53704	
2006		Remedy 6	Blue	ww2820216			
	
2018-07-15T010000-0500	2018-07-15	2018	07	43.14	-89.35	2017 Trek	stolen	Madison, WI 53704	
2017		Cross Rip 2	Black and Silver, gray or bare metal	WTVO85C6136L		Cable lock	
Madison Police Department	18-267828
2020-11-23T030000-0600	2020-11-23	2020	11	43.08	-89.37	Diamondback	stolen	Madison, WI 53703	
		Wildwood	Silver, gray or bare metal and Blue	06L0080843		Cable lock	
City of Madison. Wi	2020906240
2023-01-30T030000-0600	2023-01-30	2023	01	43.06	-89.4	2022 Norco Bikes	stolen	Madison, WI 53715	
2022		BIGFOOT 3 M	Red	AJ10815632			
City of Madison	23-041711
2019-05-24T152808-0500	2019-05-24	2019	05	43.07	-89.4	2018 Trek	stolen	Madison, WI 53715	
2018		FX2 hybrid	Black	WTU089C2080M			
	
2018-08-23T130000-0500	2018-08-23	2018	08	43.14	-89.35	2018 Trek	stolen	Madison, WI 53704	
2018		Verve 1	Black	WTU283C3704M		Heavy duty bicycle security chain	
Madison	2018903540
2022-08-22T100000-0500	2022-08-22	2022	08	43.08	-89.37	2016 Electra	stolen	Madison, WI 53703	
2016		loft	Blue	unknown	M	Heavy duty bicycle security chain	
Madison Police Department	2022903827
2017-10-04T130323-0500	2017-10-04	2017	10	43.06	-89.4	Trek	stolen	Madison, WI 53715	
		3700	Black	unknown			
	
2023-02-05T190000-0600	2023-02-05	2023	02	43.08	-89.37	2017 Trek	stolen	Madison, WI 53703	
2017		Dual Sport 3	Silver, gray or bare metal	WTU080C3111M	M	Cable lock	
Madison Police Department	2023900584
2022-04-28T120000-0500	2022-04-28	2022	04	43.08	-89.37	Trek	stolen	Madison, WI 53703	
		Verve 2	Black	WTU124XC2857S		Cable lock	
City of Madison Police Department	2022-00901686
2021-06-12T212452-0500	2021-06-12	2021	06	43.06	-89.4	2016 Felt	stolen	Madison, WI 53715	
2016		V85	Black	S6BT01363			
	
2020-10-04T130000-0500	2020-10-04	2020	10	43.08	-89.37	Schwinn	stolen	Madison, WI 53703	
		Prelude	White	13M51446		Cable lock	
Madison Police Department; Madison, WI	2020905462
2021-10-18T180000-0500	2021-10-18	2021	10	43.02	-89.43	2016 Charge	stolen	Fitchburg, WI 53711	
2016		Grater	White	A4A5083746	M	U-lock	
Fitchburg	FP21-19243
2010-09-16T010000-0500	2010-09-16	2010	09	43.06	-89.4	1996 Trek	stolen	Madison, WI 53715	
1996		Multi Track 720	Blue	unknown			
	
2015-03-18T173237-0500	2015-03-18	2015	03	43.02	-89.43	Stray Cat Bicycles	stolen	Madison, WI 53711	
		4130 Custom chromoly, horizontal dropouts w/steel insert	Green	unknown			
	
2017-07-30T010000-0500	2017-07-30	2017	07	43.08	-89.37	2014 Raleigh	stolen	Madison, WI 53703	
2014		Cadent I8	Silver, gray or bare metal	U12yk07220	L	Cable lock	
Madison Police Department	2017902758
2006-02-04T000000-0600	2006-02-04	2006	02	43.08	-89.37	2005 Trek	stolen	Madison, WI 53703	
2005		7000 Multitrack	Blue	144SO212Z			
	
2007-04-24T010000-0500	2007-04-24	2007	04	43.1	-89.32	2006 Gary Fisher	stolen	Madison, WI 53702	
2006		Kaitai	Black	CA5AS251	21IN		
	
2022-07-29T195331-0500	2022-07-29	2022	07	43.08	-89.37	2022 Trek	stolen	Madison, WI 53703	
2022		Dual Sport 2 L	Black	WTU080XC1963T			
	
2017-07-17T000000-0500	2017-07-17	2017	07	43.02	-89.43	2017 Trek	stolen	Waterloo, WI 53711	
2017		Domane SLR 9 etap	Black	WTU013QU0102L			
	
2018-06-29T010000-0500	2018-06-29	2018	06	43.08	-89.37	2011 Raleigh	stolen	Madison, WI 53703	
2011		Detour 4.5	Silver, gray or bare metal	U06K13003		Cable lock	
	
2019-04-05T160000-0500	2019-04-05	2019	04	43.1	-89.35	Cannondale	stolen	Madison, WI 53703	
		Caad9 4	Red	unknown		Cable lock	
Madison Police Department	2019901330
2023-03-24T084734-0500	2023-03-24	2023	03	43.14	-89.35	Specialized	stolen	Madison, WI 53704	
			Black	WSBC602067382F			
	
2022-08-22T150000-0500	2022-08-22	2022	08	43.08	-89.37	1984 Trek	stolen	Madison, WI 53703	
1984		460	Blue and Yellow or Gold	unknown	M	U-lock	
Madison Police Department	2022903828
2016-07-15T190000-0500	2016-07-15	2016	07	43.1	-89.31	Trek	stolen	Madison, WI 53714	
		7.2 FX WSD	Red	WTU107C0963G			
	
2007-12-12T000000-0600	2007-12-12	2007	12	43.08	-89.37	2007 IRO Cycles	stolen	Madison, WI 53703	
2007		Mark V	Black	unknown	50CM		
	
2019-12-11T210000-0600	2019-12-11	2019	12	43.08	-89.4	1980 Peugeot	stolen	Madison, WI 53706	
1980		Mixte	Red	unknown		Cable lock	
UW-Madison Police Department, Madison, WI	19-02309
2016-11-16T000000-0600	2016-11-16	2016	11	43.08	-89.37	Schwinn	stolen	Madison, WI 53703	
		Trailblazer	White	unknown		Cable lock	
Madison	2016904399
2015-06-14T010000-0500	2015-06-14	2015	06	43.08	-89.37	2012 Specialized	stolen	Madison, WI 53703	
2012		Hardrock Disc 29	Yellow or Gold, Black, and White	WSBC602398489G	M	U-lock	
Madison police	2015902018
2021-11-10T080000-0600	2021-11-10	2021	11	43.14	-89.35	2019 Trek	stolen	Madison, WI 53704	
2019		Domane AL2	Blue	WTU009C1509P		U-lock and cable	
Madison, WI	2021905552
2010-09-18T010000-0500	2010-09-18	2010	09	43.11	-89.43	2009 Specialized	stolen	Madison, WI 53706	
2009		Globe Vienna	White	WUD096004757E			
Madison Police Department	2010-270-910
2021-12-24T220000-0600	2021-12-24	2021	12	43.08	-89.37	Trek	stolen	Madison, WI 53703	
		FX4	Red and Black	WTU346XC0973R	M	Cable lock	
Madison Police Department, Madison, WI	2021906203
2022-09-18T020000-0500	2022-09-18	2022	09	43.08	-89.37	Cannondale	stolen	Madison, WI 53703	
		Bad Boy 1	Black	N228347		Cable lock	
Madison Police Department, Madison, WI	2022904373
2021-05-22T070000-0500	2021-05-22	2021	05	43.02	-89.43	2013 Trek	stolen	Fitchburg, WI 53711	
2013		7.4 FX	Black	WTU108C7727H			
Fitchburg Police Dept	FP21-8619
2020-10-17T000000-0500	2020-10-17	2020	10	43.08	-89.37	2016 Wabi Cycles	stolen	Madison, WI 53703	
2016		Classic	Teal	unknown	L	Not locked	
City of Madison	2020905560
2022-11-06T085350-0600	2022-11-06	2022	11	43.03	-89.52	2022 Trek	stolen	Madison, WI 53719	
2022		Domane SLR 7 eTap 56 ICON	Black	WTU209T0016T			
	
2014-10-21T010000-0500	2014-10-21	2014	10	43.07	-89.4	2012 Felt	stolen	Madison, WI	
2012		AR 4	Blue	F206D1080		Cable lock	
University of Wisconsin Police Department, Madison	14-02257
2021-09-25T160000-0500	2021-09-25	2021	09	43.08	-89.37	2019 Trek	stolen	Madison, WI 53703	
2019		Fx 3 disc	Black	unknown			
	
2022-07-06T170000-0500	2022-07-06	2022	07	43.07	-89.46	2021 Trek	stolen	Madison, WI 53705	
2021		Hybrid	Silver, gray or bare metal	WTU298C6279R	M	Cable lock	
Madison Police Department	2022902807
2007-04-24T010000-0500	2007-04-24	2007	04	43.07	-89.46	2004 Cannondale	stolen	Madison, WI 53705	
2004		Adventure 1000	Silver, gray or bare metal	PO25222			
	
2012-12-17T000000-0600	2012-12-17	2012	12	43.06	-89.4	2003 LeMond Racing Cycles	stolen	Madison, WI 53715	
2003		Alpe D\\'Huez	Orange	UL1765474	51CM		
Madison	12-359016
2023-03-19T033055-0500	2023-03-19	2023	03	43.07	-89.4	2022 Specialized	stolen	Madison, WI	
2022		Fuse Comp	Red	unknown			
	
2018-05-29T105348-0500	2018-05-29	2018	05	43.11	-89.43	Bridgestone	stolen	Madison, WI 53706	
			Black	unknown			
	
2021-03-15T090000-0500	2021-03-15	2021	03	43.08	-89.37	2021 Schwinn	stolen	Madison, WI 53703	
2021			Blue and Silver, gray or bare metal	W26653		Cable lock	
	21-182453
2023-06-29T200000-0500	2023-06-29	2023	06	43.08	-89.37	2012 Giant	stolen	Madison, WI 53703	
2012		Escape 2	Black	C61G1414	M	Cable lock	
	2023-00903059
2023-07-02T170000-0500	2023-07-02	2023	07	43.1	-89.32	2017 Rocky Mountain Bicycles	stolen	Madison, WI 53702	
2017		720 Medium	Black	650059m04	M	Cable lock	
	2023903135
2020-11-16T190000-0600	2020-11-16	2020	11	43.08	-89.37	Fuji	stolen	Madison, WI 53703	
			Yellow or Gold	unknown		U-lock	
	2020906123
2012-02-27T000000-0600	2012-02-27	2012	02	43.08	-89.37	2009 Trek	stolen	Madison, WI 53703	
2009		7.2 FX	Yellow or Gold	WTU325C2602D	15IN		
Madison	2012900459
2022-08-22T122544-0500	2022-08-22	2022	08	43.08	-89.37	Surly	stolen	Madison, WI 53703	
		ECR	Brown	M17030877			
	
2016-08-23T075524-0500	2016-08-23	2016	08	43.06	-89.4	2016 Fuji	stolen	Madison, WI 53715	
2016		Absolute 1.3	Blue	WBD208L06524			
	
2017-04-04T010000-0500	2017-04-04	2017	04	43.11	-89.43	2006 Raleigh	stolen	Madison, WI 53706	
2006		Mojave	Orange	U56K82764			
	
2020-02-27T160000-0600	2020-02-27	2020	02	43.07	-89.4	2015 Trek	stolen	Madison, WI 53706	
2015		Dual Sport	Red	WTU131C0461K		Cable lock	
	
2022-08-16T170000-0500	2022-08-16	2022	08	43.11	-89.43	2022 Aventón	stolen	Madison, WI 53706	
2022		Solterra Single-Speed	Black	JH21I2556		Heavy duty bicycle security chain	
University of Wisconsin-Madison Police	22-01134
2021-09-02T090000-0500	2021-09-02	2021	09	43.08	-89.37	Trek	stolen	Madison, WI 53703	
		7.3 FX	Green	WTU153C6084K		Not locked	
Madison	2021904044
2012-11-26T000000-0600	2012-11-26	2012	11	43.08	-89.37	2010 Trek	stolen	Madison, WI 53703	
2010		Marlin Single Speed	Black, Yellow or Gold, and White	WTU347C0028F	58CM		
City of Madison Police Department	2012903292
2016-06-23T010000-0500	2016-06-23	2016	06	43.08	-89.37	Bianchi	stolen	Madison, WI 53703	
		Unknown	White	unknown		Cable lock	
	
2012-12-06T000000-0600	2012-12-06	2012	12	43.08	-89.37	2012 Trek	stolen	Madison, WI 53703	
2012		Allant	Silver, gray or bare metal	WIU048C0030F	22.5IN		
Police, Madison, WI	2012903319
2021-10-25T210000-0500	2021-10-25	2021	10	43.02	-89.43	Pinarello	stolen	Madison, WI 53711	
		dogma xc 29er	Black	unknown			
madison	2021905096
2021-04-07T140000-0500	2021-04-07	2021	04	43.07	-89.46	2021 Trek	stolen	Madison, WI 53705	
2021		Checkpoint SL 5	Blue	WTU160CT0101R		Cable lock	
University of Wisconsin Police	21-00400
2018-05-27T010000-0500	2018-05-27	2018	05	43.11	-89.43	Bridgestone	stolen	Madison, WI 53706	
		unknown	Black	unknown			
Madison Police Department, Madison	2018901914
2015-07-21T090000-0500	2015-07-21	2015	07	43.03	-89.52	2015 Trek	stolen	Fitchburg, WI 53719	
2015		Lexa	White	WTU126C0586G		Not locked	
Fitchburg, WI	
2016-08-02T010000-0500	2016-08-02	2016	08	43.1	-89.31	Easy Motion	stolen	Madison, WI 53714	
		Nitro City, missing front disc brake	Black and Silver, gray or bare metal	1504j1634		Other	
Madison, WI	
2009-06-05T010000-0500	2009-06-05	2009	06	43.06	-89.4	2008 Trek	stolen	Madison, WI 53715	
2008		7.3 FX	Blue	wtu042c3087b	25IN		
Madison	09-162562
2022-08-17T220000-0500	2022-08-17	2022	08	43.08	-89.37	2017 Cannondale	stolen	Madison, WI 53703	
2017		700 F QUICK 5	Black	70015428906L		Heavy duty bicycle security chain	
City of Madison Police Department	2022903750
2021-08-28T160000-0500	2021-08-28	2021	08	43.06	-89.4	Trek	stolen	Madison, WI 53715	
		Marlin	Black	WTU099JC1259R		Not locked	
Madison Police Department	21-342086
2015-10-11T010000-0500	2015-10-11	2015	10	43.11	-89.43	Fuji	stolen	Madison, WI 53706	
		Absolute 3.0	Blue	FJ016IC0175J	17IN	Cable lock	
City of Madison Police Department	2015903736
2018-10-05T180000-0500	2018-10-05	2018	10	43.07	-89.46	2018 Guru	stolen	Madison, WI 53705	
2018		Photon	Silver, gray or bare metal	unknown			
Shorewood Hills	18392973
2020-05-26T111551-0500	2020-05-26	2020	05	43.03	-89.52	2019 Trek	stolen	Fitchburg, WI 53719	
2019			White	WTU318C2419N			
	
2017-08-01T010000-0500	2017-08-01	2017	08	43.03	-89.52	2012 Specialized	stolen	Fitchburg, WI 53719	
2012		S-Works Stumpjumper Carbon	Black	wsbc604132955f			
Fitchburg police	17-11063
2019-08-11T000000-0500	2019-08-11	2019	08	43.09	-89.35	2013 Trek	stolen	Madison, WI 53704	
2013		3500 Disc	Black	unknown			
	2019903272
2022-01-13T190000-0600	2022-01-13	2022	01	43.14	-89.35	2022 Trek	stolen	Madison, WI 53704	
2022		5259137 - Dual Sport 2	Black	WTU297XC0920S	L	Other	
Madison Police Department	2022900174
2016-07-20T010000-0500	2016-07-20	2016	07	43.08	-89.37	2016 State Bicycle Co.	stolen	Madison, WI 53703	
2016			Silver, gray or bare metal	SBC201508955		Cable lock	
	
2021-12-24T220000-0600	2021-12-24	2021	12	43.08	-89.37	Trek	stolen	Madison, WI 53703	
		FX4	Red and Black	WTU346XC0973R		Cable lock	
Madison Police Department, Madison, WI	2021906203
2022-03-20T170000-0500	2022-03-20	2022	03	43.07	-89.42	2016 Specialized	stolen	Madison, WI 53726	
2016		Hardrock	Black, Red, and Silver, gray or bare metal	wsbc618041580m		U-lock	
Madison Police Department (Madison, WI)	2022901123
2016-09-13T010000-0500	2016-09-13	2016	09	43.08	-89.37	2007 Trek	stolen	Madison, WI 53703	
2007		1.2	Black	WTU336C3523C		Cable lock	
Police department of Madison	2016903393
2022-11-20T120000-0600	2022-11-20	2022	11	43.08	-89.37	2021 Trek	stolen	Madison, WI 53703	
2021		FX3	Black	WTU253C1201R		Cable lock	
Madison, Wisconsin	2022905498
2022-08-24T080000-0500	2022-08-24	2022	08	43.07	-89.46	2022 Rad Power Bikes	stolen	Madison, WI 53705	
2022		RadRunner Plus	Silver, gray or bare metal and Black	VP1L21V1477		U-lock and cable	
Madison	22-342995
2016-11-23T000000-0600	2016-11-23	2016	11	43.18	-89.21	Trek	stolen	Sun Prairie, WI 53590	
			Silver, gray or bare metal	unknown		Not locked	
Sun Prairie	
2021-05-10T010000-0500	2021-05-10	2021	05	43.07	-89.46	2020 State Bicycle Co.	stolen	Madison, WI 53705	
2020		Steel	Red	796201623963		Cable lock	
Madison Police Department	2021901982
2016-10-31T010000-0500	2016-10-31	2016	10	43.07	-89.46	2012 Specialized	stolen	Madison, WI 53705	
2012		Dolce Comp Compact	White	WSBC602015368G			
Madison Police Department, Madison, WI	2016903938
2021-10-19T170000-0500	2021-10-19	2021	10	43.08	-89.37	2021 Trek	stolen	Madison, WI 53703	
2021		Marlin 5	Black	WTU244JC0154C	M	Cable lock	
Madison Police Department	2021904943
2022-07-07T120000-0500	2022-07-07	2022	07	43.02	-89.43	2020 Trek	stolen	Madison, WI 53711	
2020		VERVE 3	Silver, gray or bare metal	WTU117C5496R		Cable lock	
MADISON	2022902749
2021-12-20T200000-0600	2021-12-20	2021	12	43.11	-89.43	2021 Magnum Bikes	stolen	Madison, WI 53706	
2021		Peak	Black and Blue	HMIBK71637		U-lock and cable	
	
2010-07-20T010000-0500	2010-07-20	2010	07	43.08	-89.37	1988 Trek	stolen	Madison, WI 53703	
1988		360	Yellow or Gold and Blue	unknown			
madison	
2021-12-26T220000-0600	2021-12-26	2021	12	43.08	-89.37	2021 Trek	stolen	Madison, WI 53703	
2021		FX3	Red	WTU256JC0476R		Cable lock	
Madison Police Department, Madison, WI	2021906204
2022-08-06T210000-0500	2022-08-06	2022	08	43.14	-89.35	2010 Trek	stolen	Madison, WI 53704	
2010		Valencia	Black and Silver, gray or bare metal	WTU021C1901E	S	Cable lock	
Madison Police Department, Madison	2022903510
2020-09-10T080000-0500	2020-09-10	2020	09	43.07	-89.41	2015 Trek	stolen	Madison, WI 53715	
2015		8.3 Dual Sport Hybrid	Black	unknown	22IN	U-lock	
Madison, WI	2020904779
2016-09-10T010000-0500	2016-09-10	2016	09	43.07	-89.46	2013 Trek	stolen	Madison, WI 53705	
2013		Neko	Teal	WTV278C6464G	16IN		
Madison Police Dept	16-326432
2023-05-05T130000-0500	2023-05-05	2023	05	43.08	-89.37	2006 Specialized	stolen	Madison, WI 53703	
2006		Stumpjumper	Silver, gray or bare metal and Blue	m5ej12756	L	Cable lock	
Madison	2023902001
2020-08-20T080000-0500	2020-08-20	2020	08	43.08	-89.37	2020 Trek	stolen	Madison, WI 53703	
2020		FX 2 Disc	Silver, gray or bare metal	WTU116C7575R		Cable lock	
Madison	2020904215
2017-09-11T010000-0500	2017-09-11	2017	09	43.14	-89.35	2017 Specialized	stolen	Madison, WI 53704	
2017		Diverge Elite	Black and Red	WSBC618003814		Cable lock	
City of Madison Police Department	2017903274
2022-08-24T090000-0500	2022-08-24	2022	08	43.08	-89.37	Custom	stolen	Madison, WI 53703	
		Belt drive	Teal and Brown	unknown	M		
	
2022-11-22T000000-0600	2022-11-22	2022	11	43.02	-89.43	2022 Rad Power Bikes	stolen	Madison, WI 53711	
2022		RadRunner 2	Green	VR2J21V2818		Not locked	
	
2011-06-07T010000-0500	2011-06-07	2011	06	43.08	-89.37	Cannondale	stolen	Madison, WI 53703	
		Synapse	Red	U012233	54CM		
City of Madison Police Department	2011901257
2022-07-09T170000-0500	2022-07-09	2022	07	43.07	-89.33	1993 Giant	stolen	Madison, WI 53716	
1993		Kronos	Black	GX634716			
	22-271545
2017-10-23T010000-0500	2017-10-23	2017	10	43.03	-89.38	Raleigh	stolen	Madison, WI 53713	
			Blue	unknown			
	
2019-07-21T010000-0500	2019-07-21	2019	07	43.07	-89.39	Trek	stolen	Madison, WI 53703	
		Marlin Singlespeed	Black, Orange, and Yellow or Gold	WTU356C4324K		Cable lock	
Madison Police Dept, Madison WI	2019902935
2011-05-11T000000-0500	2011-05-11	2011	05	43.06	-89.4	2002 Trek	stolen	Madison, WI 53715	
2002		7500	Blue	SWW0160418	20IN		
	
2018-10-31T190000-0500	2018-10-31	2018	10	51.38	-2.36	1999 Giant	stolen	Bath, BA15BN, GB	
1999		Boulder alu lite	Silver, gray or bare metal	Gk8y0846			
	
2006-01-11T000000-0600	2006-01-11	2006	01	43.12	-89.53	1998 Cannondale	stolen	Middleton, WI 53562	
1998		Super V	Red	unknown	XS		
	
2020-08-20T113106-0500	2020-08-20	2020	08	43.08	-89.37	Raleigh	stolen	Madison, WI 53703	
		Misceo LT	Black	U161K20663	L		
	
2022-07-08T190000-0500	2022-07-08	2022	07	43.07	-89.33	2021 Trek	stolen	Monona, WI 53716	
2021		Marlin	Red and Orange	WTU177JC0168S	M		
Monona	
2022-11-08T180000-0600	2022-11-08	2022	11	43.07	-89.4	2023 Trek	stolen	Madison, WI	
2023		Roscoe 7	Teal	WTU350JV1122S	S	Other	
Madison PD	2022905305
2022-12-07T185608-0600	2022-12-07	2022	12	43.07	-89.4	2022 Velotric	stolen	Madison, WI WI	
2022		Discover 1	Yellow or Gold	0172201245			
	
2009-07-03T010000-0500	2009-07-03	2009	07	43.08	-89.37	Specialized	stolen	Madison, WI 53703	
		Hot Rock	Purple	unknown	24IN		
	
2020-08-14T170000-0500	2020-08-14	2020	08	43.08	-89.37	Trek	stolen	Madison, WI 53703	
		Navigator 200	Blue	ITK4D02742		Cable lock	
	
2017-09-02T010000-0500	2017-09-02	2017	09	43.06	-89.4	Trek	stolen	Madison, WI 53715	
		3700	Black	WTU106C3370C		Cable lock	
Madson, Wisconsin	2017903282
2023-02-17T100000-0600	2023-02-17	2023	02	43.08	-89.37	2022 Rad Power Bikes	stolen	Madison, WI 53703	
2022		City 5 Plus	Black	CH5F21B5686		Other	
Madison	2023900762
2019-08-09T163555-0500	2019-08-09	2019	08	43.18	-89.23	Trek	stolen	Sun Prairie, WI 53590	
		3900	Black	unknown			
	
2018-08-15T210000-0500	2018-08-15	2018	08	43.08	-89.37	2010 Giant	stolen	Madison, WI 53703	
2010		Trance X1	Black	GL991984	L	Other	
Madison, WI	18-314558
2022-11-01T090000-0500	2022-11-01	2022	11	43.08	-89.37	2016 Trek	stolen	Madison, WI 53703	
2016		7.2 FX Women’s	White	WTU089C1951K			
Madison	2023-00900268
2020-09-18T150000-0500	2020-09-18	2020	09	43.07	-89.4	2020 Felt	stolen	Madison, WI	
2020		Broam	Teal	F98FS0313			
	20-348947
2023-03-23T000000-0500	2023-03-23	2023	03	43.14	-89.35	1996 Trek	stolen	Madison, WI 53704	
1996		850 Mountain Track XC	Red	W0022374	19.5IN	Not locked	
City of Madison (Wisconsin) Police Dept.	2023901286
2017-09-25T010000-0500	2017-09-25	2017	09	43.07	-89.52	2017 Diamondback	stolen	Madison, WI 53717	
2017		Haanjenn	Teal	U167k02522	53CM	Other	
Madison, WI	2017903620
2011-05-24T010000-0500	2011-05-24	2011	05	43.06	-89.4	1996 GT Bicycles	stolen	Madison, WI 53715	
1996		Timberline FS	Black and Purple	SY5GC00001	6IN		
Madison, WI	2011901112
2010-08-29T010000-0500	2010-08-29	2010	08			2008 Trek	stolen	Madison, WI 53703	
2008		4300	Silver, gray or bare metal	wtvo46co383c	19.5IN		
	
2022-05-29T120000-0500	2022-05-29	2022	05	43.08	-89.37	2021 Giant	stolen	Madison, WI 53703	
2021		ATX	Black	P2GP06601	XXS	Not locked	
Madison WI	2022902203
2011-08-27T010000-0500	2011-08-27	2011	08	43.06	-89.4	2011 Apollo	stolen	Madison, WI 53715	
2011		Bounty	Red and Black	unknown	26IN		
	
2011-07-04T010000-0500	2011-07-04	2011	07	43.14	-89.35	2001 Univega	stolen	Madison, WI 53704	
2001		Rover	Green	unknown			
Madison Police	2011901504
2022-08-20T120000-0500	2022-08-20	2022	08	43.06	-89.4	2019 Trek	stolen	Madison, WI 53715	
2019			Red	WTU298C5489N		Heavy duty bicycle security chain	
Madison PD, Madison, WI	2022904181
2008-07-13T010000-0500	2008-07-13	2008	07	43.02	-89.43	2008 Novara	stolen	Madison, WI 53711	
2008		Tractor	Red	A0681754	24IN		
	
2021-06-10T124500-0500	2021-06-10	2021	06	43.08	-89.37	2019 Cannondale	stolen	Madison, WI 53703	
2019		Synapse	Teal	YC38666		Cable lock	
Madison Police Dept.	21-214999
2022-09-01T120000-0500	2022-09-01	2022	09	43.08	-89.37	2017 Salsa	stolen	Madison, WI 53703	
2017		Large	Green	H18601953		Cable lock	
	
2022-07-22T220000-0500	2022-07-22	2022	07	43.06	-89.4	Motobecane	stolen	Madison, WI 53715	
		Step through (female-frame style)	Blue	4776822	M	Cable lock	
	2022903210
2016-07-18T010000-0500	2016-07-18	2016	07	43.07	-89.46	2007 Specialized	stolen	Madison, WI 53705	
2007		Tricross Comp Triple	Black	P6HC21080		Cable lock	
Madison Police Department	2016902533
2017-10-21T010000-0500	2017-10-21	2017	10	43.14	-89.35	1988 Schwinn	stolen	Madison, WI 53704	
1988		World sport	Blue	unknown			
	2017904029
2021-08-17T000000-0500	2021-08-17	2021	08	43.14	-89.35	2016 Trek	stolen	Madison, WI 53704-4132	
2016		Trek 1.1	Red and Black	Wtu004c1141L		Not locked	
Madison Police Department	2021-324517
2023-04-13T230000-0500	2023-04-13	2023	04	43.14	-89.35	Origin8	stolen	Madison, WI 53704	
		Crawler	Black and Silver, gray or bare metal	unknown		Cable lock	
Madison Police Department; Madison, WI	2023901649
